{"North Western Plateau": [0.12156862745098039, 0.4666666666666667, 0.7058823529411765, 1.0], "Pilbara-Gascoyne": [0.6823529411764706, 0.7803921568627451, 0.9098039215686274, 1.0], "Lake Eyre Basin": [1.0, 0.7333333333333333, 0.47058823529411764, 1.0], "Tasmania": [0.596078431372549, 0.8745098039215686, 0.5411764705882353, 1.0], "South Australian Gulf": [0.8392156862745098, 0.15294117647058825, 0.1568627450980392, 1.0], "South West Coast": [0.5803921568627451, 0.403921568627451, 0.7411764705882353, 1.0], "Tanami-Timor Sea Coast": [0.5490196078431373, 0.33725490196078434, 0.29411764705882354, 1.0], "North East Coast": [0.7686274509803922, 0.611764705882353, 0.5803921568627451, 1.0], "South East Coast (NSW)": [0.9686274509803922, 0.7137254901960784, 0.8235294117647058, 1.0], "Murray-Darling Basin": [0.7803921568627451, 0.7803921568627451, 0.7803921568627451, 1.0], "South Western Plateau": [0.7372549019607844, 0.7411764705882353, 0.13333333333333333, 1.0], "South East Coast (Victoria)": [0.09019607843137255, 0.7450980392156863, 0.8117647058823529, 1.0], "Carpentaria Coast": [0.6196078431372549, 0.8549019607843137, 0.8980392156862745, 1.0]}